trip_distance,pickup_hour,surge_multiplier,wait_time,driver_rating,previous_cancellations,rain,traffic_level,cancel_trip
1.4708791104861472,13,1.0,8.314104550919664,4.825286934490789,0,0,1,0
4.30169666508408,17,1.5796430366642111,10.458665996877015,4.722678878393338,1,0,2,1
9.524363136174074,7,1.547025104499591,15.955003712918383,4.590518495446625,0,0,3,0
9.931683501100048,19,1.84122620306801,13.236359292032645,4.498417660914359,1,1,3,1
9.781945969062019,8,1.9405824086673813,16.59548272228575,4.845703728702907,0,1,3,0
6.942872758105453,22,1.096093217860826,5.394930381046976,4.8493961680209425,3,0,1,0
5.425093333686841,1,1.1676091146784078,8.510196221198143,4.91803669420409,3,0,2,1
5.463567548155888,12,1.076540215601335,3.7682074447640654,4.945406919409774,2,0,1,0
7.582936802118644,20,1.7523342776481945,13.274512043843647,4.931967993277669,1,1,3,0
1.768841853139091,0,1.186404853041176,7.84328482530084,4.850683892700486,2,0,1,0
6.585586893733199,4,1.287754755345142,8.779290742778839,4.658266325755907,2,0,2,1
6.2176987900196785,15,1.0571141242038073,6.658725200550626,4.664480801048253,0,0,1,0
8.693263945712221,2,1.0,6.903710154423544,4.988388480390521,1,0,1,0
3.943014997030489,18,1.4336835409873818,9.188322879976722,4.198685685892657,0,0,2,1
10.887009250907816,5,1.0216689097497673,3.041866460034273,5.0,1,0,1,0
4.599785778833886,9,1.5575561925830366,8.266265737223677,4.6919332179571915,2,0,2,0
2.4851105747338584,16,1.0859630786854846,3.418383718559296,4.679282629318844,1,0,1,0
1.0925208429709825,9,1.66639862798081,10.309181121704414,4.791798800334858,0,0,2,0
1.2846396457253508,13,1.0378046260427882,6.539521271529481,4.48429745172708,0,0,1,0
4.758277873005925,22,1.2230711749074963,10.154953097002833,4.6479381917457125,3,0,2,1
7.6110200704018975,18,1.7302322900348277,14.833918193255993,4.8927850846111145,0,0,3,0
6.237080510259069,7,1.4797394227081926,9.128392055916787,4.700221988937459,1,0,2,0
10.486040766174723,21,1.0092935652682977,7.865142417154387,4.932451919501133,0,0,1,1
1.3919128680243629,3,1.6561472629826133,16.875888722639186,4.152171958772506,3,1,3,0
2.7530192438257717,4,1.3433832838659845,7.742249075424072,4.717403296078477,0,0,2,1
6.692613267523136,13,1.0,9.182446960995305,4.5142415837095085,1,0,1,1
12.050212576050736,3,1.0566602148392725,4.379996087426802,4.716597483762502,0,0,1,1
1.4637386518602924,1,1.0,4.7473132440416475,4.521850227289548,1,0,1,0
2.7640834721030414,18,1.3846293676369636,7.330057748828054,4.98240537570865,1,0,2,1
6.81744822288206,12,1.0306347533932023,8.052141355222346,4.655892354168692,1,0,1,0
3.413188786669471,21,1.0460415649842825,9.081290761884105,4.385769529776423,0,0,1,0
4.407013489637104,1,1.0,5.074836957720438,4.786172483803008,0,0,1,0
3.9388285619475543,10,1.0,4.4460571070900405,4.891507432655954,0,0,1,0
1.8443102965829143,23,1.0,7.466808408316706,4.708184949745784,1,0,1,1
3.6801412280257844,16,1.0,7.547480661862762,4.904568294310153,1,0,1,1
11.534584102281611,5,1.3712890495137655,11.899176029482556,4.83959480602602,0,1,2,1
1.2817555921996353,8,1.3895225326358482,8.167079254642006,4.762298171759558,1,0,2,0
1.4825661197742905,16,1.0,7.18230621119578,4.919796671488393,0,0,1,0
4.455281204382935,22,1.0,6.01878279649468,4.870640309010311,0,0,1,0
4.24465251947293,21,1.3023054260618117,11.003347433243603,4.7050770555944545,1,1,2,1
8.108966039034721,11,1.0,7.388515136570804,4.7699847430498785,1,0,1,0
7.3118057676354,21,1.3951234348156885,9.763024489563968,4.741664501725118,3,1,2,1
8.686224709691807,5,1.0,8.15455205136563,4.587732400711559,1,0,1,0
3.2210731262868704,0,1.0,5.457557835941182,5.0,1,0,1,0
9.715548671808195,13,1.0702030323667326,6.2099731444820305,4.974020370722075,0,0,1,0
1.9816554668848418,7,1.3845365661271156,10.084556909369796,4.9188359095042955,2,0,2,0
3.512194891533378,0,1.0458389009957068,7.589348358935096,4.32144756448199,1,0,1,0
5.866313811925559,18,1.7332760478637013,11.024015067995707,4.404244575230743,2,0,3,1
1.8388485167501276,18,1.6537551319034343,9.087319090627584,4.9300534791796595,2,0,2,1
1.6123157413618912,17,1.9566540987081655,13.658343531314548,4.212937533643423,2,1,3,1
2.4006137677324366,7,2.1210689726015763,14.050165201959727,4.783167367257212,1,1,3,1
3.1146617693160694,2,1.0,5.123398535105953,4.964548893377027,2,0,1,1
4.476991984207482,19,1.973513211305409,15.9647977541503,4.89472444988557,0,1,3,1
6.3995019086376805,20,1.4636687991611455,10.290273957592735,4.6696065235367925,2,0,2,1
2.3422241773101136,12,1.1257613112576652,5.875953382472402,4.796117351685543,2,0,1,0
6.33087306642056,10,1.1242862562858313,5.941283959547487,4.808057588807139,3,0,1,1
3.920847632815577,1,1.0,4.640677001929183,4.706977589417882,0,0,1,0
8.667748143015544,21,1.0,4.2121879437131255,4.417788633786784,2,0,1,0
3.9513500538896316,3,1.0,4.8060444392242525,4.454464007108789,1,0,1,0
5.518510373098595,4,1.2035531456719595,6.3309462064607445,5.0,0,0,1,0
13.81939173922417,10,1.5143361530205828,12.192384670813338,4.430364590914502,1,1,2,1
11.010618822443224,19,1.6048203967675276,8.436749939886644,4.5298773494096105,0,0,2,0
5.202625222626953,15,1.0,7.799496890752044,4.626951804502031,0,0,2,0
11.157717395343557,16,1.2150135653956202,9.367671426558926,4.432827519166278,0,0,2,0
7.2964483447437125,0,1.2498689912135543,9.58322836539557,4.948913032071052,1,0,2,0
7.253761638627983,6,1.1641428627722314,10.67652169381207,5.0,1,0,1,1
5.454107604641924,1,1.0,5.715459759821389,4.89514267553385,1,0,1,0
9.501270865725932,11,1.0638186998848573,4.726342723514665,4.7463214948336185,1,0,1,1
5.9937154182118215,7,1.3669773744358662,8.035224986959454,4.715792809133617,2,0,2,0
2.0225414190950604,22,1.492297756514043,13.396095939832435,4.63576819225886,1,1,2,0
1.759652304976237,16,1.0667065472728354,5.3116847324625045,4.685955927696477,0,0,1,0
14.281638691099005,11,1.0269052693015708,6.508463840502392,4.525854445671252,0,0,1,0
1.6412941899684341,14,1.3179671538867532,10.732965064904242,4.501128986873826,0,1,2,1
3.5226092109658684,15,1.0798091048661562,6.23523452414729,4.5315134739747345,1,0,1,1
5.065703173749166,16,1.2445838875229247,8.367964788344338,4.603276572088912,1,0,2,0
4.470666967544393,1,1.0305150835874972,7.159271757815585,4.7985767943703745,1,0,1,0
6.455779487962779,16,1.041687306259004,6.125808752641401,4.633392476189248,1,0,1,0
4.18961194992529,5,1.042124737869098,2.0,4.573719488886688,0,0,1,0
8.659604452991445,2,1.0151657272145018,2.9020458374390845,4.6550293888410295,1,0,1,0
3.3737876211041886,16,1.0,7.183612802099865,4.764043315589766,0,0,1,0
9.56240006388081,21,1.0,6.2259037392669505,4.717494750736148,0,0,1,0
4.14623014170465,6,1.4463469309617962,14.359809128427088,4.628434413311747,1,1,3,0
18.433848859282318,12,1.247139126276499,11.201775667495966,4.759046515008121,3,0,2,1
3.03838517834053,14,1.12025618829299,8.351043725499707,4.668432498031948,1,0,2,0
5.940311401081457,0,1.0152525882897616,6.6963768571845055,4.547162642672431,2,0,1,1
2.883395089908604,22,1.0,7.886420444353898,4.633845020795389,2,0,2,0
7.340546086040503,9,1.523184308824677,11.564337776983276,5.0,0,0,3,0
13.70768157058481,23,1.5903999338266144,12.411182437440647,4.9584120668653044,0,1,3,0
3.2671998694181412,20,1.9047298743128727,13.522762247573107,4.537490845975603,0,1,3,1
2.2231614312169343,7,1.3324419550375906,8.161800641906488,4.550240040795989,1,0,2,0
0.847133035598595,22,1.0,4.671043899153334,4.395942641551878,0,0,1,0
13.940655980269938,23,1.1988002655372276,7.234160373823185,4.505447096648,0,0,2,1
6.524110664432376,3,1.321195237676699,11.501490581830256,4.5453088311933145,0,1,2,1
11.107166455098874,22,1.1493709759005535,7.316739046858689,4.604689239713295,0,0,1,0
11.619734603735246,13,1.0256997445585831,6.017820651776688,4.851764883232722,1,0,1,0
4.440889047297253,16,1.0533695248006194,4.266822309273511,4.521250796183257,0,0,1,0
2.2456168401635512,10,1.0758981695460113,6.152584812707655,5.0,0,0,1,1
1.8145941716949983,1,1.0,6.09753694678317,4.940515301045045,1,0,1,0
4.342886442054861,4,1.0,4.190966442887822,4.420184314363105,1,0,1,0
1.8794489902589055,15,1.01325976720261,9.476455183010817,4.727899559229492,3,0,1,0
2.8296782165092713,14,1.0,4.607670048977973,4.7335140211601985,1,0,1,0
14.93716093148331,23,1.365666482414755,10.678193503223055,4.871347484294092,1,1,2,0
2.788026997730797,22,1.0413147475952622,3.590614817397063,4.602473315809007,2,0,1,0
3.037226734820158,15,1.2883606785994168,11.45581746705428,4.705886118335511,3,0,2,1
4.282346455583456,19,1.4683320454065751,9.47166688631228,4.7581929460274885,1,0,2,0
2.7744566810438993,2,1.3724160040103544,10.759804790603095,4.68949898629227,1,1,2,0
1.2604464104804292,1,1.1479481761860872,8.85383730784434,4.120097224026304,2,0,1,1
17.176305829167028,16,1.0,5.9669548912245896,4.628351124418499,2,0,1,0
3.0193722482178003,15,1.0665877823706391,6.701535155788328,4.8716278141868035,0,0,1,0
6.165265252613145,4,1.0535458747409634,8.082996780153723,4.721411490598459,1,0,1,0
5.130192437785947,14,1.0,7.491448240031435,4.543480280516282,0,0,1,0
11.291863396130335,5,1.0,5.66890686456245,4.622735504910565,0,0,1,0
4.400715308510065,0,1.4480063617904102,11.691908126476747,4.634665350498191,1,1,2,1
4.292253523519055,14,1.737448498142756,13.46156242223088,4.598598268145989,0,1,3,0
6.921876463738974,14,1.599837828303662,13.69649163969487,4.444329474239535,0,1,3,0
5.992346946875545,1,1.0,4.038335152278509,4.545759940090142,1,0,1,0
2.36659976315004,7,1.6679216138148003,14.647370708326157,4.663339858094761,1,0,3,1
3.807085836771302,18,1.7796340019748835,15.38105716338168,4.545836239454262,1,0,3,1
3.458127806914443,19,1.6266661253198413,10.92419245325847,4.892781386815173,2,0,2,1
2.935657157402175,13,1.2709932748147237,9.440924081914744,4.776346833792502,1,0,2,1
10.362140004182168,6,1.0767307362602487,4.6835739647056425,4.773349281578452,0,0,1,0
10.6677201519338,3,1.012682468513496,4.275438790653892,4.580035721216588,4,0,1,1
16.48499933083458,19,2.0401500346552157,13.295980300359933,4.718218721251183,1,1,3,1
14.039958372230807,0,1.0,5.49318333678929,4.72731947911775,1,0,1,0
0.3692030583013991,4,1.4248893969133256,8.837134465832285,4.432686299937016,1,1,2,0
9.724386584121552,9,1.5757176821102024,9.471194244676,4.461918452865103,2,0,2,0
1.683792113480696,2,1.0133299413196057,10.681782213854857,4.725177306115332,1,0,2,0
2.760658532127813,7,1.50296914186486,12.705764771067836,4.904611311050448,1,0,3,0
13.510087774626742,1,1.01504744987739,6.4521106046716765,4.474882577193607,0,0,1,0
7.799023723828823,5,1.0,3.028745293616049,4.690814234251968,1,0,1,0
14.039076518797781,15,1.031286565149091,7.948724730821501,4.690949139607133,1,0,1,0
0.7273601535936163,2,1.0346527018313,5.265644029453993,4.4089890789818895,1,0,1,0
1.643956220722746,23,1.0729236949310752,4.889651621176937,4.870880400224144,0,0,1,0
4.683972446805729,13,1.1923513487603454,6.934416045619962,4.807482400564076,0,0,1,0
11.648693188078736,9,1.8608843627747156,15.418894377905568,4.967331471551796,2,1,3,1
11.404130451482962,0,1.3564098530909565,13.038946399047209,4.755759962477092,0,1,2,1
4.0751357014263485,15,1.031606786972995,6.022541625430645,4.819915508249071,1,0,1,0
4.827631423001204,1,1.033237683351961,5.056443208194583,4.831810868782684,1,0,1,0
6.87333851050494,5,1.0,5.963570256494961,4.39869319396192,0,0,1,0
12.469340087416452,1,1.7032389398126397,14.514737831296125,4.799557661883556,3,1,3,1
11.378000572447496,6,1.332055501508225,8.77309281212052,4.725180277678992,0,1,2,1
3.5720512192976557,4,1.0,9.678554869303085,4.666175462871437,3,0,1,0
5.528942402528342,6,1.2435211528289603,9.578566260797178,4.4534919377559445,0,0,2,0
9.05010693319705,18,1.5084865458361105,8.628996054155373,4.696421004598331,3,0,2,1
2.7259745719475554,12,1.5174708039169136,12.328201527487908,4.536463520678973,0,1,3,0
7.729397154038743,23,1.7610292980482871,13.218547173153356,4.544381042833457,4,1,3,0
7.2287329163621425,3,1.0,4.518201134790342,4.739922083680557,2,0,1,0
2.8379697632726053,12,1.3050774290472114,7.717356788386192,4.843098619353897,0,0,2,0
5.491020649184039,22,1.0724829373485831,7.699207045762211,4.867430897266277,1,0,1,0
6.141338802024704,22,1.370030650406711,12.626750795436388,4.892831176834396,4,1,2,0
8.556335108190844,12,1.087680494912462,9.11079515161632,4.6527102326528285,0,0,2,0
9.980932881865858,23,1.059353943229319,7.7699827945346795,4.655622345741547,2,0,1,0
4.242756169415842,10,1.191079670230833,9.66053099081687,5.0,1,0,2,0
2.3552634127226657,4,1.0,6.53858264022055,4.658603082180327,2,0,1,0
10.42873977777774,10,1.0,5.083234271971009,4.500965208020153,3,0,1,0
4.207662901599072,15,1.0448078341012892,8.247017655456641,4.628781590276189,1,0,1,0
3.7352441456476866,2,1.3704943810194357,10.193032206767068,4.849072144815575,2,1,2,1
5.3469167403918725,9,1.4900685662207969,6.190491253604069,4.498614527810972,1,0,2,1
17.002988703942485,4,1.0,5.65158974580079,4.844918355744625,0,0,1,0
5.482422859751929,13,1.413585590156629,11.002674561656914,4.67799890025979,1,1,2,1
24.302304197651065,0,1.1164990882563923,5.2275919403500914,4.539694481979092,1,0,1,0
13.603894560977718,17,1.939530725264933,15.274376796569925,4.70015110149092,1,1,3,0
2.664769164736712,11,1.214880876167959,9.813304510363572,4.401048770710071,2,0,2,0
5.892834466416215,0,1.0,8.400146770230718,4.604689715356152,2,0,1,0
4.70628463890696,9,1.4790624386688087,10.212856510335175,4.577673252661088,0,0,2,1
1.6736054725349094,21,1.3148090866397433,10.174739831665516,4.86672064096747,0,0,2,0
7.798285417175629,4,1.2184858654060364,11.023702657670144,4.703136447294325,0,0,2,1
2.343405722874772,7,1.5163334680677538,10.139680855429615,5.0,0,0,2,0
6.822071508490817,1,1.0423507874022038,5.157104829213111,4.597802165960855,0,0,1,1
17.523789590518533,12,1.0,5.389538450439943,4.784777896488797,0,0,1,0
12.697843991980825,18,1.8313267604432648,12.162500167009924,4.8940632403576565,1,1,3,0
11.0031419144466,10,1.388342865354667,9.74960257555039,4.319065061306907,0,1,2,0
12.869353124644057,20,1.9530342901670579,11.989267037950345,4.479363123753381,0,1,3,1
8.250287651840319,11,1.168331457592753,6.898494512526396,4.255285166412561,0,0,1,0
22.85565987776607,23,1.0,4.857088142797375,4.6701088613670025,0,0,1,0
3.697665988744678,5,1.7214666780132903,15.911660341773356,4.671648489194492,2,1,3,1
3.618304434898411,7,1.7419050734753463,12.149739472649651,4.890492394107234,1,0,3,1
7.21158030583067,10,1.0,5.723172836721083,4.669877197074014,1,0,1,0
6.598543325684783,6,1.0980004236133893,5.582440548588159,4.391113230350351,1,0,1,0
1.112761661407087,5,1.0530867162067148,4.809810405174793,4.706875061805293,1,0,1,0
1.0933375269592278,7,1.3448462579031872,9.91370327858027,4.875234786338615,0,0,2,0
3.9513651050399123,21,1.3916828228065379,14.181490348767664,4.768243168498407,0,1,2,1
3.940496613319681,13,1.0,4.09445693051237,4.894411393147944,0,0,1,0
2.7245827271035195,3,1.3383194515329342,7.613463999554437,4.724950419932787,2,0,2,1
8.82449456559931,18,1.6715210590484606,14.228216053908824,5.0,4,0,3,1
1.8569299479673012,19,2.058449437515706,15.005074507723286,4.409814421777756,2,1,3,1
7.639176513295705,19,1.9780201721186075,15.282802261622393,4.589364550930546,0,1,3,1
5.22941440682496,20,1.3688450862101318,7.635479341031287,4.588573885485554,0,0,2,0
4.29669695460994,0,1.158844717624011,5.819119217289796,4.237191186799979,1,0,1,0
3.2814360451429456,19,1.5232194504642327,7.233875242126067,4.390439688738194,0,0,2,0
15.731304109178872,15,1.0530369188998798,4.866751675299076,4.53782121275995,2,0,1,0
1.0977615543522095,2,1.1269255671898621,5.499808960227342,4.350706654884194,1,0,1,0
3.256795428328899,6,1.3828743695175065,9.50460256039681,4.8566717421048065,1,1,2,0
9.764176566094454,16,1.0,4.4610527737788335,4.802024872250015,1,0,1,0
14.289983570551128,19,1.6523937442222134,10.981529480305301,4.585763205183163,2,0,3,0
11.556633440661933,13,1.0540589541812242,5.423266318437723,4.600465495314192,1,0,1,0
5.117842268113691,2,1.3010379313283262,9.303575055898042,4.3065349871548015,0,0,2,0
12.93993290415883,22,1.5547309851490467,8.467452062857333,5.0,1,1,3,1
1.4375904906452273,9,1.608424495886644,12.35421361481865,4.5296675651331215,0,0,3,0
4.421373319102677,1,1.0,6.393754336277751,4.687345208020617,1,0,1,0
5.043275341599854,11,1.3193611755172587,11.22561586530556,4.707539314624785,1,0,2,0
5.782087649739441,14,1.156373696781997,8.225825037192848,4.963101658188021,1,0,2,0
1.3603548175856792,8,1.748721819463043,10.909838793249236,4.34618993925212,1,0,3,0
1.774250815997699,9,2.097407868774502,14.675233450919972,4.488793840006666,0,1,3,1
2.7912993548963723,7,1.9231730942030392,11.355144951644773,4.7221772765656835,0,1,3,1
4.024964213985667,1,1.0037553076660564,8.455623611989115,4.45651924130061,0,0,1,0
4.683957129608324,11,1.2045406995516723,9.504157568841835,4.587160764027903,1,1,2,1
2.417055476552775,3,1.0,6.906077467382435,4.41479637657591,1,0,1,0
2.754084299204302,17,1.686906650367826,9.032833231747253,4.678605706028304,1,0,2,1
2.4577638054267457,4,1.2208491970575581,7.272478336448485,5.0,2,0,2,0
5.754217128238985,12,1.0,4.411444316981854,4.40119244134205,0,0,1,0
3.199235364780269,3,1.0,7.173041081361191,5.0,4,0,1,0
6.398491205735621,1,1.067220132652057,10.891274279998964,4.917542085231573,0,0,2,0
5.3118301290942505,19,1.533208146141681,6.72925424813272,4.666029528464454,2,0,2,0
1.9996606957553,14,1.0,6.157917935864517,4.471332201783228,1,0,1,0
11.702236210643933,2,1.2901813616221849,9.000982338462194,4.258941125448819,2,1,2,1
2.861537215043514,19,1.4869199406273044,7.719900788941333,4.843317867951931,3,0,2,1
1.8459329803415998,5,1.0,5.245696869493566,4.433858973733815,1,0,1,0
5.4752667882225765,20,1.4734079925804449,8.493277358712895,4.55081157470488,1,0,2,0
4.3109584865958155,0,1.4185116170518595,12.052844144469264,4.67876118199205,2,1,3,0
2.849011369175238,6,1.0,5.251519116031332,4.3657660455011875,5,0,1,1
20.24906536628433,22,1.0914077164224034,5.021207560175032,4.617074619885628,1,0,1,0
15.085881568988398,21,1.1378142680497614,7.07209759127655,4.863461240747665,1,0,1,0
5.91118030913009,0,1.0,9.910288744724655,4.64695249190596,0,0,1,0
8.578766119379086,14,1.065523362851376,8.975450478654029,4.715914706988434,3,0,1,0
7.559111032090454,16,1.5274683849679485,10.352816533160173,4.631187208659155,0,1,2,0
1.8188184518827446,2,1.6131119324675147,13.336116060838766,4.7719477950253575,1,1,3,1
8.225284271254209,1,1.0,6.136972092917024,4.872705648504304,1,0,1,0
4.633215931710351,3,1.4934317302180435,14.128269994459398,4.795800628678552,2,1,3,1
1.6706624504082543,17,1.3430610404625316,11.778060067220505,5.0,2,0,2,1
8.073633462123398,4,1.221416894113175,7.98016719039572,4.988882439011018,1,0,2,0
3.764508664355078,8,1.6057801007541919,8.62991336382834,4.598806760202429,1,0,2,1
0.8771501132396318,19,1.7635529146382718,12.41794331755112,4.5389809637938985,2,1,3,1
6.923697547304371,8,1.693255344144482,11.039768314748082,4.879733832067835,2,0,3,0
1.674499950155436,2,1.0603713240544197,8.591945753072647,4.8068729797272765,1,0,1,0
3.624635699350916,0,1.2817467126698372,13.236330639592804,4.80114708649456,2,0,2,0
25.184530142427832,0,1.0,3.5742421649316833,4.76749641494528,1,0,1,0
6.041138235190218,16,1.4184351024121185,16.18340071888595,4.708608174170077,2,1,3,1
4.420460733826413,0,1.3209982903184792,12.478099567175075,4.715115274534008,0,1,2,1
5.798062048000008,14,1.2092627587948923,11.95037544376238,4.661258924039008,0,0,2,0
9.702112022618243,0,1.2207488797852182,5.770629726363726,4.907721213841763,2,0,2,0
0.7330564777445661,10,1.178480367643982,7.441333247448391,4.918421356796485,0,0,2,0
7.88694710196017,5,1.3151665583047476,8.429316143750473,4.7342938635180785,0,0,2,0
6.00938078812225,0,1.0505736470933762,8.499770578545457,4.728685313371499,1,0,2,1
2.4003523065276764,9,1.3433040628832646,8.893744728125865,4.865864754516573,1,0,2,0
1.2944634866725706,16,1.0,6.932020109953653,4.868356154956802,1,0,1,0
5.97267314652054,12,1.1492952622753827,7.087621566671261,4.62240700621851,1,0,1,0
2.323914726528733,11,1.0246906063416612,7.109916077068974,4.93350196459729,4,0,1,0
8.804569251581679,18,1.5936963727146283,12.119474373920887,4.893873860481611,1,0,3,1
8.742677891943732,4,1.0,4.421179212194835,4.759690362796288,0,0,1,0
0.3498850282770169,3,1.3071734161344004,10.899154539205803,4.737695152203621,2,1,2,0
6.38998378855209,16,1.0496634614979896,5.014447144474014,4.574371252166165,2,0,1,1
7.468319863283673,14,1.4361914270730525,10.280421654850796,4.854647997333152,1,1,2,1
3.1303445822328717,5,1.0,6.081077494269001,4.374891193287588,0,0,1,0
9.460647208004836,10,1.0,5.279138380196288,4.708765759892086,2,0,1,0
2.5233705160370574,10,1.0706505463547253,6.176561127691437,5.0,1,0,1,0
2.2418889903608936,13,1.0,3.0968550604292906,4.506659621859468,0,0,1,0
3.819181076791162,15,1.0304492201680144,5.520260583166865,4.864110700577579,1,0,1,0
6.431186418613498,6,1.0,6.513159059475627,4.571131946595603,0,0,1,0
3.2483894868562317,4,1.328123865352298,10.362033993804287,4.582576945875971,0,0,2,1
10.749066309873125,18,1.918125394834505,12.424917815265221,4.904324596814608,2,1,3,1
9.62545652793978,20,2.0163000969705305,11.978006323449247,4.444863468000854,0,1,3,1
2.64975133152562,21,1.0,7.855771200433514,4.223138642242851,3,0,1,0
5.021302737990219,18,1.8434062869107595,13.241765366833233,4.701254631236884,0,1,3,0
3.4851815945442297,12,1.018745938208891,5.273974314566873,4.579228213752609,0,0,1,0
2.592831369611723,20,1.7173947208412814,11.661759864998047,4.800916362895478,1,0,3,1
6.845740898547234,0,1.7848109104105554,13.567905802473081,4.700395368951162,2,1,3,1
3.0929238454555774,11,1.712168914238792,15.751612888291668,4.811204419368458,0,1,3,1
10.638164730248409,12,1.0428967948548518,6.089537820869604,4.753718716208859,2,0,1,0
9.01868599090901,15,1.319047498519348,9.676839024204149,4.855023024317817,1,0,2,0
1.1282429648368817,15,1.2906787272932398,9.737990230254745,4.40429061260024,1,0,2,1
3.9974403287901987,20,1.56385433172676,7.841186832236646,4.625326314999383,0,0,2,0
7.381944902524811,21,1.5752291909122031,9.836590093096413,4.660475906440807,0,1,2,1
13.406929668397012,14,1.0,5.510079329008181,4.8152902690244845,1,0,1,0
0.4477301867905051,13,1.014425352228204,6.499078994377782,4.623225051733844,1,0,1,0
8.46420459362963,17,1.5820223250625494,14.040252196242019,4.581551831037437,1,0,3,1
1.8667298263745415,20,1.2797086646794282,9.017794018771177,5.0,2,0,2,0
2.6346097361501695,11,1.0188073356991774,5.323045703484503,4.582716970222245,1,0,1,0
4.473808319004742,20,1.8544828216046234,14.962841184287957,4.656568238572629,2,1,3,1
10.13594509723292,14,1.0,3.4234917774549056,4.674193176974043,1,0,1,0
3.97154915554305,5,1.0886579492757649,6.6221766931188615,4.655977253749034,2,0,1,0
6.102086513547894,0,1.3444726911986828,10.482343854771216,4.345206076777575,2,1,2,1
10.296521716821037,22,1.1666663259227523,6.7128879070759675,4.732259908532539,0,0,1,0
13.194611302381315,8,1.4959082464804931,7.541552632897748,5.0,3,0,2,0
3.574367349563234,19,1.5237829540758336,8.659586300793114,4.7639930382290325,0,0,2,0
10.043133636162974,18,1.6624491019360503,12.724185186090477,4.666348173102492,0,0,3,1
3.0932773407642484,21,1.0395294990202189,6.85664309023241,4.189290080788821,2,0,2,0
3.988677585205867,19,1.926747538889806,12.146445466925886,4.491545682390551,2,1,3,0
2.7232682133383674,22,1.1647877605783674,5.976792538909891,4.776530710295498,1,0,1,1
4.238721251120678,0,1.0252194854234287,7.587255140736152,5.0,1,0,1,0
5.05537055495328,13,1.337733502952834,10.466771346981497,5.0,1,0,2,0
8.1321432394565,5,1.2625584593675,8.126907998860482,4.6530151456958055,1,0,2,1
1.4928091418962603,17,1.6454038072885073,16.06549746650234,4.83951739406784,1,0,3,1
2.80318128474038,2,1.0,4.6066102763089045,5.0,1,0,1,0
5.4468693683565705,2,1.208129142504248,10.76762897634558,4.428805931028007,1,0,2,1
1.911041840707298,6,1.0,4.441169754013851,4.512006434169987,0,0,1,0
2.4558791462155503,20,1.3119711589431216,7.68495437157106,4.5164047790778525,0,0,2,1
6.849063612249927,20,1.6574146786032409,8.061125973473096,4.795117687185717,1,0,2,0
3.415350158494959,3,1.0791141135379279,7.071203974080428,4.529692004044136,1,0,2,1
9.280602164594157,14,1.0,4.115151996081847,4.610869939394001,1,0,1,1
3.9824609720606534,23,1.0,4.898757200818479,4.457967811317169,0,0,1,0
3.091686788920956,16,1.1366410484506186,8.575272172680187,5.0,0,0,2,0
9.933761413791867,7,1.6953059695539896,9.161549173659928,4.7582405510276065,2,0,2,0
8.672086425873093,18,1.55734474933554,8.42994473056597,4.5904008362517725,1,0,2,1
9.599853961810489,4,1.0334874703695955,10.215040857759174,4.350555666606949,2,0,2,0
3.7292463302171237,7,1.4844577567472241,10.668951457804953,4.435824328924537,2,0,2,1
4.913064783001558,14,1.1213179188391589,3.364696950897747,4.404477518616111,0,0,1,0
10.667457868086945,15,1.0,6.987214554003845,4.536518373117132,0,0,1,0
13.569516099811732,18,1.48703269479714,8.240047749318121,4.586060207414854,1,0,2,0
0.8588020386894555,11,1.4201738654796043,11.911921350508631,4.890495631390562,1,1,2,1
0.49127976973135934,13,1.1258501750087275,7.785164851365888,4.563101653877441,2,0,2,0
17.055877274988262,12,1.0,5.95046210442066,4.872508696923035,1,0,1,0
4.7981761271844405,0,1.0,5.913245081433609,4.580621043053606,1,0,1,0
8.873012422556306,23,1.1816459677983533,8.938127806531195,4.500338644941789,1,0,2,0
1.9944767975092474,4,1.0022350554966366,6.962920694165552,4.569307420855039,2,0,1,0
11.395548498914398,16,1.177672841156669,9.59856621096979,4.521296981496144,0,0,2,1
3.226735699383247,1,1.4190417001188422,10.48678666939,4.891586411043137,2,0,2,0
1.2301689771664495,14,1.0,7.660065636430976,4.617504197622413,0,0,1,0
13.01593547189942,11,1.0676507476439976,4.893394942972739,4.308990245936344,0,0,1,0
1.5610127966023954,13,1.0,5.590489877966124,4.927189569188765,0,0,1,0
10.320207481792103,20,1.5204797877281917,7.653510922087419,4.133393941971452,1,0,2,0
5.8854558459680675,7,2.0935861025680604,13.096063543078165,4.664149794928618,0,1,3,1
4.417177200630422,6,1.0981149715570353,6.1619758810878436,4.450035932082128,3,0,1,0
1.110927574460502,20,1.5265163922746587,9.247860075097387,4.596266656075758,2,0,2,0
8.552967324803845,1,1.3763462616631463,12.277386568839797,4.821747117824883,3,1,2,0
11.840855394479888,19,1.5135428834719957,10.069899376194813,4.648364972393713,1,0,2,1
6.331632658446678,14,1.0,4.79777411725349,4.772088335258554,1,0,1,0
5.420850706422592,3,1.5342721861351185,13.157253801718554,4.6337137257437,0,1,2,1
3.0801976266844138,23,1.3450075167535653,11.533007293385205,4.592081755852574,1,1,2,1
6.798365707951065,19,1.7330783806538237,10.000277987284186,4.740456081524244,3,0,3,1
0.9466907211961201,9,1.4664833026773616,6.9153297852109965,4.621202663751376,1,0,2,0
2.2744913812779997,16,1.156769881419046,12.433185991320434,4.611630214551836,1,0,2,1
2.7513716481710997,19,1.7897655771649745,9.886621345964214,4.6619107628141565,1,0,3,0
1.6640527501642017,0,1.0,5.823517602596754,4.9053789236515835,1,0,1,0
2.9651725410046286,9,1.4986496755407024,6.830252694688969,5.0,2,0,2,0
1.8423158671278033,11,1.6719599497624893,13.789169771746353,4.628805183122834,0,1,3,1
7.396685194158891,15,1.2663597868560763,7.903118146780565,4.588090742942106,1,0,2,0
11.118664374987251,19,1.9180871111482432,15.327884481298941,4.874304877217587,0,1,3,0
0.9678862342468195,17,1.794467584140754,14.809646769242512,4.831929999616475,2,1,3,0
1.9592481944630578,12,1.0,7.337794533241123,4.815869351951355,2,0,1,0
4.671466784274678,23,1.077982864075505,5.938110521024909,4.282841512218999,2,0,1,0
11.581699548921529,10,1.0,5.0178453365640765,4.928013569299032,2,0,1,0
3.3193621332009005,7,1.4692951659074898,8.621062696796045,4.371723976879581,1,0,2,1
2.7859498760116463,8,1.5106493980290092,9.445740035712332,4.460666881543121,0,0,2,0
4.179097520961082,21,1.0,4.939939847440492,4.726791676116047,1,0,1,0
16.572418227466095,19,1.5470225919890666,11.97904015728589,4.387075574532839,0,0,3,0
7.988302913861872,14,1.1220550603931232,5.377625582819509,4.532862198995993,0,0,1,1
0.7395847057530486,2,1.4417095324423246,10.52587555831554,4.885195020142923,0,1,2,0
2.311033759914825,2,1.338182495789983,11.443267537385507,4.825307672667389,1,1,2,1
8.947719255024705,21,1.034175392071354,6.502581527868257,4.579774689466231,2,0,1,0
10.412649025369346,16,1.0157063093752323,10.228148956273223,4.836664902303219,1,0,2,0
5.54884932530403,4,1.0,4.019884218394047,4.859570140276428,1,0,1,0
6.396198809086507,0,1.2295665551482,9.432042552458233,4.824617469577819,0,0,2,0
10.683689912988058,22,1.1060434832746042,7.424343556866049,4.934362028654769,0,0,2,0
2.492297670659444,13,1.0,7.0840122373324474,5.0,2,0,1,0
4.329557428279413,16,1.0,3.9365488668204573,4.661951831117357,0,0,1,0
4.15794832747658,23,1.095300949821405,2.0,4.790192526955296,0,0,1,0
14.66939981329205,8,1.8137776780668664,8.637126098236632,5.0,0,0,3,0
3.3942301491530458,21,1.1611520093228518,10.707225496451429,4.532603929112083,1,0,2,0
4.435697698506338,1,1.0,6.592436955484961,4.412749227014377,1,0,1,1
18.37540769771299,2,1.3855133244853906,10.856988363204977,4.727112683282942,1,1,2,1
1.2758798845858816,9,1.4868888661319517,9.487137359300313,4.636447821196521,0,0,2,1
3.991178416867304,8,1.3191704671500486,10.2691777039439,4.999619526697557,1,0,2,0
4.924976447843202,4,1.0,3.3478034509399226,4.589547749577479,2,0,1,0
4.674659985255666,20,1.4421015780060096,9.148970722427025,4.474387489038461,1,0,2,0
1.0261653077771111,13,1.434562416189644,6.640516114390708,4.730280609590347,1,0,2,0
10.403332969284707,21,1.4433562460191878,11.227111094108029,4.6059593322429375,0,1,2,1
11.078733493552827,0,1.0510600690410314,7.816011828813296,4.847935093623567,0,0,1,0
2.7788237612797686,12,1.0,3.8890598347613965,4.6430326124515595,1,0,1,0
8.417230186420413,11,1.1162619210317533,9.183364506820599,4.592247832530781,0,0,2,0
0.8844883699467211,0,1.0,6.990689928527326,5.0,0,0,1,0
5.118975476654321,6,1.105610125166999,5.4143868925792935,4.761978955876127,1,0,1,0
2.0864348251845612,7,1.739763750177628,14.292497345229368,4.439082111239905,3,0,3,1
3.686307947716837,8,2.0278434957965716,15.895783908644582,4.725837494666342,0,1,3,1
10.066738706553878,7,2.091160606706332,16.234399114171474,4.830886205421124,1,1,3,1
2.209870397502692,3,1.0804933390732325,5.87715843064126,4.820042593148855,0,0,1,0
8.085378572262458,13,1.0244098443502387,8.117035292618437,4.8734374825655475,0,0,1,0
4.650611964215237,12,1.2775597792952726,9.471695064399897,4.531635673626369,2,1,2,1
2.6842259161994075,18,1.689514861210897,8.835203815347096,4.768365042790993,0,0,2,0
11.955261810148526,21,1.0955703971113868,8.729657680968897,4.79133760214608,1,0,1,0
12.62121296822352,19,1.7554481852254675,15.38153875959649,4.983282358340059,0,1,3,1
2.4274633966232715,20,1.7698328835937087,8.433352668716285,4.388242600995232,3,0,2,1
3.3831434997349246,10,1.0,3.4923580900077495,4.667151602993594,1,0,1,0
12.83100536911585,1,1.2014108356253124,7.573963959877117,4.8196198310094935,2,0,2,0
2.1357772522654774,16,1.2819539514767917,11.382096706070314,4.8414064719221575,0,1,2,0
2.3577264653977545,12,1.4942938619897232,9.416015282109734,4.617795012699365,1,1,2,0
5.316256026651983,3,1.013885603243088,4.734219183862651,4.867566107045897,2,0,1,0
12.156755199473544,20,1.7282036210462222,11.402575449686177,4.5869214059429195,0,0,3,1
4.137916148686627,6,1.2502767605515825,13.674358400097717,4.665474173141833,2,1,2,1
9.200036709294354,0,1.1266330267956288,5.323508974456036,5.0,0,0,1,0
4.246324711964141,6,1.0,6.471508024697146,4.681784827929395,0,0,1,0
2.969175396330434,21,1.2295933240346095,10.971339863555368,5.0,1,0,2,0
13.998582155955843,5,1.0023385214658507,5.653410694738652,4.7298683822119765,3,0,1,0
7.684016299273109,4,1.0,4.894455958270955,4.972675302707668,3,0,1,1
10.686701999519656,11,1.1913662141753272,6.990765950207011,4.8851344419005445,0,0,2,0
1.608686547110663,2,1.103138052527733,5.057775900366536,4.958151684824486,0,0,1,0
1.170119085549158,6,1.6214329942556596,11.858667959232653,4.558113768534305,1,1,2,1
7.9902297015347905,7,1.4936122167168653,9.135464698809653,4.746122169753243,2,0,2,1
0.6241573821323527,3,1.0,8.061916901364832,4.721433983051919,3,0,1,0
6.132263431228893,6,1.0,8.1546442793383,4.645517996679263,0,0,1,1
6.374692547007779,1,1.3193480167543439,11.700878322774185,4.783360314896623,1,1,2,0
6.82534462966295,2,1.7605677958082455,13.243806989522504,4.738866692667647,0,1,3,1
8.298985066710552,12,1.092410617127574,8.324697162501234,4.972426480737016,2,0,2,0
5.015868909176251,8,1.5841396736340516,12.927540849389498,4.671024287610423,1,0,3,0
0.2799766402442706,3,1.1414840662825554,5.436888830274057,4.852101223916828,3,0,1,1
0.3157648885103098,9,1.751639666778658,12.558972279720082,4.721441592408027,0,0,3,1
3.1680080765670375,9,1.5148780634807306,7.600340884219336,4.618039751241294,2,0,2,1
12.402127152466345,18,1.6178843444025643,8.27409983257315,4.707356566634847,2,0,2,1
13.447153916707896,3,1.4277982440218921,14.898234350111874,4.617896303454054,1,1,2,1
13.861699724018983,5,1.1466547554224098,10.704287061963814,4.52540220662213,2,0,2,0
2.4794619856875153,12,1.434739748643476,10.407074677975729,4.764258294151478,1,1,2,1
18.72417865187056,11,1.067929381998235,5.649153299319609,4.610407732310005,0,0,1,0
7.495439526691472,0,1.2830161372346305,9.91840471515809,4.966510293533026,0,0,2,1
7.6857723280127805,16,1.4338758162280365,11.159274379160324,4.477035562529517,3,1,2,1
7.4101701399048,21,1.1187713384138456,7.276079091690971,4.643774903022383,3,0,1,1
1.7462289417817167,11,1.0,5.928301124422815,4.406865228531581,0,0,1,0
10.504991218326502,4,1.0,6.728039861329785,4.632048198470495,1,0,1,0
1.224507722167471,5,1.0,7.029851620129764,4.626212112193707,3,0,1,1
1.6468662506089635,4,1.1380138938868516,7.226972316680792,4.795330208160111,0,0,1,0
2.2156995172653415,10,1.1495571736482426,5.184869355335224,4.620106901905429,1,0,1,0
9.987236155448027,17,1.95737671099019,13.567765954233323,4.525761393998474,0,1,3,1
11.275925546247876,1,1.0,8.496962732949413,5.0,1,0,1,0
5.22137866637484,4,1.4881058892057433,12.93380457711031,5.0,0,1,2,1
2.0493805636224875,12,1.6801181763988184,13.27148188313743,4.788349347275512,3,1,3,1
5.419051814648254,21,1.0905717600497367,5.008748646284781,4.872964887698203,0,0,1,0
3.3786857945295417,5,1.1050319552276355,3.894662055654506,4.790551270415339,1,0,1,0
6.635345677246898,18,1.4880441243373603,8.847020018109482,4.7733628086570885,2,0,2,1
0.9903389386104096,22,1.0,9.614528015619825,4.25834384475435,1,0,2,0
1.9919145339801718,20,1.5831211103199756,11.0464893662563,4.669218954605062,2,0,2,1
4.979125169377553,11,1.0,5.9237988170707,4.783493017964259,0,0,1,0
2.4196320208289115,16,1.0741016951336448,8.093151123298778,5.0,1,0,1,0
7.533441675305408,9,1.427843091765997,10.219920609096889,4.7359828739092835,1,0,2,0
3.933661270133536,9,1.4500548807114786,10.094729043401447,4.672383533067704,2,0,2,1
0.9244213157868537,15,1.2875878141139225,12.783839691883678,4.66632301550543,1,1,2,0
5.84435198519393,3,1.2955935822330762,7.79170997623422,4.647648341955781,1,0,2,0
12.90364918339875,8,1.521907156253767,10.389386236626589,4.916599987703374,1,0,2,1
4.202198211923222,2,1.0,6.691617048444653,4.577092243261781,0,0,1,0
2.088548624063014,16,1.0057502309038229,7.239190010540957,5.0,1,0,2,0
5.771908620427165,6,1.0792711017733665,6.057832753176476,4.865447221531484,2,0,1,0
8.476153747269247,4,1.0,3.7201608005715228,4.955715033587875,2,0,1,0
7.980453282864143,21,1.0,6.870851530553422,4.723315702402493,0,0,1,0
8.10406082217556,17,1.5407090383398832,9.136687300880066,4.573669695097271,0,0,2,0
4.646791123067923,8,1.842277127428943,16.9585167186233,4.595284802318684,1,1,3,0
7.903079476120159,12,1.0,6.702810242319104,4.781324406844535,1,0,1,0
11.327792288596292,6,1.1753428945740425,9.290172862487694,4.858920076589042,0,0,2,1
4.218451263964944,4,1.0,5.99725686173385,4.646887897496292,0,0,1,1
0.9779788431297929,14,1.3491673858801807,8.39280693086956,4.657169937857763,1,0,2,0
10.262320622379553,8,1.6985936725762236,13.550455915003528,4.501484398654235,0,1,3,1
4.690862790106609,8,1.453714371428562,9.699666895260393,4.718704699287722,0,0,2,1
5.561126516391237,2,1.0527480833027731,5.449144498801071,4.423596486261513,0,0,1,0
8.82498260262912,3,1.0,7.124618213157522,4.894745246170474,1,0,1,0
2.873140760411294,23,1.4648709597301566,13.911750718802717,4.6330394025111,0,1,3,1
3.6756525787453507,10,1.0,8.748841860534018,4.787682539899329,3,0,1,0
2.4647023091656797,14,1.0372842248655825,3.660846331310662,4.885786402706443,3,0,1,0
5.892714847110987,6,1.046330151023423,7.223631729978104,4.920643514410732,0,0,1,0
4.336085220242818,0,1.0613265544661143,4.998999928175279,5.0,1,0,1,0
3.7114892249329863,22,1.3569628586939493,9.044694247682136,4.624284051357369,1,0,2,0
6.155747156894419,23,1.5377382919082645,11.049584117781658,4.908086178528968,1,0,2,0
3.00653557962861,11,1.3453840237121883,9.209477511323845,4.420438904315141,0,0,2,0
16.444081883916652,14,1.3481362002515422,11.408355087991081,4.9058881111854085,3,1,2,0
1.470294988515287,12,1.068753269655145,8.816346015378905,4.726499428699129,0,0,2,0
8.034818411629438,3,1.1414110390606782,7.743860502281761,4.706961508099966,2,0,1,0
5.2911869802054,14,1.2769135779310032,9.845681812510373,4.592285265340675,0,0,2,0
1.0256884378323947,17,1.5781942535451918,8.054927352977488,4.668595034311059,2,0,2,0
3.4012298861835224,18,1.4133115415116533,11.363813714252954,4.704083433442584,1,0,2,0
11.421510351167417,10,1.5912688134356796,10.530984245520086,4.585937186442707,0,1,2,0
8.988878833217207,11,1.267347279615823,13.489215855090961,4.480571270074237,0,0,2,0
2.9561452786829308,20,1.9212824398669968,9.16847546602143,4.439682403439334,0,1,3,1
5.140977519532842,10,1.0168651367610195,4.4117997776282705,4.9386622011854255,2,0,1,1
2.293165529167398,16,1.0943715505756044,5.82349904671072,4.519010433412387,0,0,1,0
14.1267344650444,4,1.0016374241931294,2.631621153652256,4.827521162446242,1,0,1,0
15.778846889131664,2,1.2428761258880763,10.585087366920629,4.578968752878801,1,0,2,1
6.113804757496824,3,1.3271899545423942,8.954605413604522,4.652353264988877,2,0,2,0
8.106864458290266,16,1.2585975175683897,7.130126210131639,4.453513752167201,1,0,1,0
3.3481096383846882,9,1.4061532894258915,9.540339055616144,4.246789581170144,2,0,2,0
1.9251715459228258,15,1.0,9.166944501149377,4.840628508444001,2,0,1,0
3.805409478105753,2,1.0,8.49840482052979,4.573353720657005,1,0,1,1
8.315445612006156,19,2.012884748754939,13.628179821382005,4.979897285394469,2,1,3,1
3.9380973954262304,1,1.0,5.976655366694559,4.698163529322972,2,0,1,0
15.34050173285912,15,1.0,4.655448678262228,4.504282322002269,0,0,1,0
4.122075986295204,23,1.058462295248674,6.146151165445954,5.0,0,0,1,0
6.407095717259326,7,1.5121461064199546,9.440028054484475,5.0,1,0,2,0
3.324077590170358,10,1.0456355973132696,5.161254247411188,4.477183728353383,0,0,1,0
7.443503915422841,5,1.0,7.443753887929947,4.948681159437433,2,0,1,0
1.6171671235710472,15,1.3249589872245342,9.86049047337117,4.747925503647799,0,1,2,0
3.6384059705101555,14,1.4685619374218482,11.499845802485032,4.50471999026724,2,1,2,1
2.6682827091804846,12,1.0,5.9576731815941555,4.778073238879076,2,0,1,0
1.6912451819981957,17,1.9459871985029382,13.780616518112634,4.6649410940191975,1,0,3,1
4.686688573569626,7,1.409734564001218,12.551121546040683,4.58003559533603,1,0,2,1
12.564376976017114,5,1.0,5.533593725473359,4.308532282173202,0,0,1,1
6.730272615902177,3,1.4420536705904068,12.54637900755036,4.616712313350395,2,1,2,1
4.9284690022257225,19,1.413123245542709,9.367435639758005,4.645030939866042,0,0,2,0
11.821602396857283,19,1.501428721188399,8.433920223806686,4.975436187300913,0,0,2,0
6.0449898387360115,4,1.2809657530148242,8.876111136973064,4.568662130874517,1,0,2,0
1.7656563688044482,22,1.2147076827445973,9.254621651955993,4.680494923250875,0,0,2,1
5.395777795298293,3,1.0635100011597924,7.491837353612432,4.719786757405777,1,0,1,0
0.7625033159884929,6,1.3405496304050992,8.136203811534136,4.923709988851066,0,1,2,0
6.3903739486186515,3,1.272651162233606,8.628989419462265,4.8277354279760605,1,0,2,0
3.487910773065869,3,1.1230460047759976,5.51543644684049,4.733080732059941,1,0,1,0
17.286956703065172,18,1.6675142073501457,12.544506427209114,4.662359512245436,0,0,3,0
1.7486824528501648,11,1.0,7.749792504331505,4.727349329479846,0,0,1,0
1.8584524372416098,9,1.3515560931806574,7.587895246496963,5.0,0,0,2,1
6.622637926286761,13,1.3167217733304373,10.995648516568224,4.720583478104648,1,0,2,1
13.451563867692673,4,1.0,2.8974364268534516,4.735924454526385,1,0,1,0
6.150142832408828,3,1.1177000636790337,3.7045812961053186,4.523200228650712,2,0,1,0
11.570341422684585,23,1.31577712830443,7.652606792679314,4.701472536284713,0,0,1,0
1.694780378051516,22,1.4220124891791834,14.572029251870427,4.837586594410285,0,1,3,1
4.4042496578423345,7,1.3995662173706094,9.286686350754588,4.586658978388989,2,0,2,0
4.198335819145957,0,1.0,6.593060521778499,4.304807340021676,0,0,1,1
2.2745309886137672,23,1.2295140979337416,11.308795800262361,4.7750911715254505,1,0,2,1
15.873586508896551,1,1.06443105001082,6.244194927149869,4.673814838974775,1,0,1,0
7.355131959644631,22,1.0220189314205133,4.383418881312598,4.579018647214365,0,0,1,0
2.767139822741691,1,1.1007304357473262,6.459201829654133,4.720571715586467,1,0,1,0
10.243109497220544,8,2.150544890535689,13.05478575478648,4.688591766629412,1,1,3,1
1.113630402728359,22,1.0556874722368146,5.058868898360441,4.567691711496942,1,0,1,0
1.2757801557266235,11,1.0,7.422214425708074,4.4897559940435,1,0,1,0
1.9593684050059643,14,1.0006381540963314,5.888482005362214,4.599286076218457,1,0,1,0
3.3746319004634904,2,1.0,6.3132803138014975,4.393692936951272,0,0,1,0
8.787734669647051,2,1.6836484137964942,16.84683093898806,4.729891217932662,0,1,3,0
8.99980983868449,16,1.0,5.0531382956389495,4.705838100787114,3,0,1,0
6.486075102325026,13,1.0064407522431942,5.794515633459087,4.844489397044196,0,0,1,0
9.35528058826908,15,1.52765133775802,15.249769146905273,4.831178427557517,0,1,3,1
3.7568182966474764,12,1.3830725561667374,11.50849027071413,4.8541604439975945,2,1,2,1
6.745284635590098,14,1.0,6.396435315229876,4.649209658720554,4,0,1,0
10.43324992730792,11,1.4613460165671837,11.711950228350188,4.690747756546732,1,1,2,1
4.249770307670009,13,1.4129998225801594,14.309703469827008,4.655643719256773,1,1,2,0
7.271779444780769,7,1.6365725283182688,11.970122405550404,4.89520814387119,1,0,3,1
4.494243028392366,21,1.0,3.1874889187920954,4.851133167748863,1,0,1,0
2.521846349006415,22,1.2351662354974058,8.015063893800443,4.637466310853529,1,0,2,1
8.97444854180749,0,1.0,5.614421386780403,4.460054946981957,2,0,1,0
2.976943039068713,16,1.136315478572961,12.553930951217247,4.602222776191262,1,0,2,0
2.2764544314718647,18,1.5295224758345243,9.47058477434536,4.973615870097721,0,0,2,1
8.020351273624804,18,1.5891840579594814,10.589925254643564,4.733331163471969,2,0,2,1
5.299666844453286,10,1.053289172022704,4.096526134118252,4.751520171479626,3,0,1,1
15.824451891854082,16,1.0,7.60939442176102,4.838784646638252,1,0,1,0
10.46994687542941,13,1.1592024898576083,5.8066839319668695,5.0,1,0,1,1
0.8866281302534227,5,1.0,4.473132764284261,4.576045574349225,0,0,1,0
0.6291965470183684,9,1.9342225579424344,13.456251495676897,4.912570738606643,0,1,3,1
3.3819089763780097,22,1.20135542946487,8.252929447782893,4.919444038321288,0,0,1,1
6.019271971580409,3,1.2377263259342226,8.84346232584287,4.648610974975644,0,0,2,0
12.398905618483173,14,1.0,5.035835425650078,4.91836106781493,0,0,1,0
9.703043405544125,23,1.3017980502789095,10.462394636730668,4.657224966489072,0,1,2,0
6.783993500859937,18,1.7044552165571154,13.040735180788653,4.935436992636868,0,0,3,0
4.611512526207349,2,1.267635042915782,11.579879344857789,4.839264572416065,1,1,2,1
1.0063559581321442,5,1.0562854480457131,3.7116424379083743,4.93722909480846,2,0,1,0
5.08287246492786,22,1.5608067247172728,12.75665295750434,4.820516053595668,2,1,2,1
4.494284257933183,18,1.4249279665507186,10.627833395492447,5.0,2,0,2,1
5.0597993648553725,5,1.2007560180394132,10.532437146599921,4.623108624204582,2,0,2,1
3.3258825212489267,10,1.4825923583030653,11.351388896685148,4.340357052118179,1,1,2,0
4.59488714399752,10,1.0578650054681453,9.308183530554455,4.944789750629202,0,0,2,0
3.5347208570253392,21,1.0,6.713627987747298,4.610735896953131,0,0,1,0
15.45524211990477,22,1.428482002929658,13.326956476070773,4.423681656307284,0,1,3,1
3.6080650803289296,6,1.196749610694231,10.06138773296193,4.7228202984453045,3,0,2,1
12.445876348486935,8,2.062643073460886,14.27449167446789,4.6485399998764425,2,1,3,0
11.252774730859262,22,1.0534347213453785,5.1894354915194185,4.548809858661616,0,0,1,0
3.304559013239986,5,1.0,7.928373351542519,4.829178084055179,3,0,1,0
2.6572263105829896,23,1.1662931447189837,4.318848523955626,4.544196115696003,2,0,1,1
8.682376601931404,15,1.5926285854855393,13.254101489458382,4.790122609886278,2,1,2,1
1.8007987357091795,20,1.4897896941108562,8.054312318721784,4.930529620652338,1,0,2,0
2.883218710219135,11,1.089579621823593,5.371554831718148,4.649010605919282,1,0,1,0
1.2819629316750787,0,1.0,5.161806271672564,4.452087542783953,3,0,1,0
6.855036748520151,20,1.7697238046390316,13.813845970835906,4.914303187116208,1,0,3,1
5.875043327180925,12,1.0600657834151228,7.307113990354448,4.644665645656171,1,0,2,0
3.3646712446848506,12,1.0,5.104509617368601,4.653882720295278,1,0,1,0
0.6754117654888439,2,1.1328646411544643,4.647011025835203,4.519724864020565,3,0,1,1
3.0456160343426584,20,1.6046959536635153,12.962312467404018,4.828460247002235,0,0,3,1
17.344304568303357,12,1.2605513651124165,4.29222800064894,4.709865633158969,2,0,2,0
1.6699199649412977,20,1.4086541420367777,8.468690417236818,4.682659772770358,0,0,2,0
14.992847093633362,16,1.0835336651487606,11.313414941491953,4.319011109197873,0,0,2,1
12.204419620433008,20,1.9335847264720067,11.576230293549752,4.419036611214499,0,1,3,1
18.163717355011194,17,1.4858337368127756,8.890713466738417,4.670531954675699,2,0,2,0
2.601719365918872,10,1.0536389218847577,4.637246232731713,4.623702117035181,1,0,1,0
6.36736340590193,1,1.0,8.018902511757473,4.944771183708519,0,0,1,0
7.921027632814095,6,1.0,7.682248817774893,4.600407630636432,0,0,1,0
2.6199353356710886,16,1.0,5.705860183984593,4.457038772822272,2,0,1,0
6.449862906242144,23,1.0,6.811981941012418,4.629844358879689,0,0,1,0
2.7063620070876264,22,1.3711467099318202,11.924995964706678,4.838323715024278,3,1,2,1
19.460423314050892,2,1.0,5.393764260781046,4.741015067846926,2,0,1,0
3.3406175810131837,5,1.398797597108681,11.912400749516284,4.870224819676047,2,1,2,0
3.920398026922753,17,2.0992094407497452,13.47186837881918,4.644975714348991,1,1,3,1
1.532912731276467,17,1.767515421906726,12.806016634986868,4.46417835712743,1,1,3,0
6.873898197342271,16,1.493736741425368,10.330035429778091,4.512151691863599,4,1,2,0
5.127228812194174,15,1.230594658596774,3.7009740436143987,4.781887706128451,1,0,1,0
0.1617942889914916,17,1.8300399191297636,14.375942348154954,4.52873029634376,2,1,3,1
2.8104821602196934,12,1.4312822236766845,11.118571703225419,4.667459259686182,1,1,2,0
6.3692871110597356,23,1.0247271452108755,7.6601617779364926,4.818148867102066,0,0,1,0
8.940415585065725,18,1.481080981872492,9.822100387060756,4.5307131397082046,0,0,2,0
1.7613515841770064,14,1.0,5.726759124213114,5.0,2,0,1,0
2.5355539434389502,18,1.3991566979468855,9.062843881731414,4.760392180034353,1,0,2,0
2.3448420235058323,12,1.3882827995025624,10.037409284521805,4.743560467949745,0,1,2,0
3.6698200058125607,10,1.0,4.4736228341799364,4.19554441650241,2,0,1,0
9.327424696694553,1,1.16641920547839,2.4058765675043756,4.917980991818166,2,0,1,0
1.4692381170937665,17,1.4833185259301607,8.30284916413241,4.965611377797393,0,0,2,0
8.943864627769406,7,1.8826126179685412,14.051407721300333,4.675022622929987,0,1,3,1
3.070069462982177,21,1.0,5.206502378695309,4.69944277786662,0,0,1,0
5.779120613186887,4,1.1998259832523737,9.912708374299921,4.718924208933871,0,1,2,0
14.99873113222943,10,1.0,7.5453745409543505,4.511587963285151,1,0,1,0
5.275022208551286,3,1.0,10.082868221859739,4.689044327932235,0,0,1,0
3.198240986002359,15,1.1744311114743111,6.458498352963894,4.857281242399163,2,0,1,0
6.50941335279299,18,1.4699325639556318,9.666217756630886,4.653867666672059,2,0,2,0
6.098415032309992,11,1.0,7.048429607576132,4.571783746692329,0,0,1,0
3.272188543706027,8,1.4507081725050748,6.3911922717408,4.473233928638729,0,0,2,0
1.507734413488863,16,1.0,6.117011127718286,4.69598024964607,0,0,1,0
0.8066485826001386,10,1.4273911086847177,12.178018404515424,4.600529125717181,2,1,2,0
2.9089644210467602,15,1.162257659886967,10.266683808107498,4.515517403031209,2,0,2,0
3.729802212605523,0,1.1807630805670686,5.693805346690926,4.37459901582665,0,0,1,1
1.55072552469086,4,1.0,7.463735005932845,5.0,1,0,1,0
15.654571938364253,22,1.0583883022284002,3.1239766709845513,5.0,1,0,1,0
1.1122763220907324,19,1.5126312514587,8.679610136692435,4.351445605223792,0,0,2,1
3.859925311770945,20,1.9410383276786891,12.145282570111476,4.654578798443815,0,1,3,1
8.282777070029422,20,1.4657695156550852,7.897783653698713,4.831906293917828,1,0,2,0
7.1555696211849344,21,1.494248532970657,14.216465029152618,4.736861812815621,0,1,3,0
0.9311838623317027,0,1.0884842582801157,6.011591839763527,4.60027322084231,0,0,1,0
5.225182957101653,21,1.1057960713838793,7.33701585240787,4.239157612811207,0,0,1,1
11.169399158646993,1,1.261908316938801,8.904915221947784,4.446372639004938,2,0,2,0
6.196545698049757,4,1.406890613312097,11.421788026865412,4.667609036611735,1,1,2,0
9.483966069136956,4,1.1466995918173666,8.289531813523213,4.4005106662788505,3,0,2,0
5.275754420791726,14,1.1067997778058971,7.493540631555543,4.556387043276347,1,0,1,1
5.058395083232237,21,1.145482617414665,5.6034662501948,4.923726466830843,1,0,1,0
1.195828664898979,2,1.4826422324191766,10.914408062853266,4.480191049689026,1,1,2,0
6.004205931776466,9,1.5523323782728589,7.030547205079091,4.524831518700978,0,0,2,0
7.965591937622924,16,1.0,4.944125511876683,4.946744855667239,2,0,1,0
6.041608386939652,4,1.404456961088927,12.01204246671293,4.527848639659636,1,1,2,0
3.612453213241399,8,1.401334097227589,8.594598593454167,4.622691676820448,1,0,2,0
8.894155767136805,0,1.3564861252037965,10.243365975054246,4.695389888782907,1,1,2,0
7.977561826436007,11,1.3372951385302259,9.580263806017358,4.393496344634068,0,1,2,0
4.643333474190389,7,1.4955370996198734,12.888494320520016,4.546775833877866,1,0,3,0
3.9935144481172893,18,1.5938957178234852,9.628056867438552,4.718475358327985,2,0,2,0
1.7340985953628674,22,1.0,5.725132135186077,4.520914407814992,0,0,1,0
1.9001748858614396,3,1.1811405170852511,7.229652398699445,4.516396187672207,0,0,2,0
17.594468227335163,2,1.2363596980793514,9.838694272470649,4.702608674875391,0,1,2,0
6.579350178018352,14,1.6646904523256567,11.772220755950102,4.706298312452399,0,1,3,1
5.619766016197541,6,1.279608635103362,12.491527279723135,4.6132253074041625,2,1,2,1
1.5441167357442889,9,1.4555053609104747,8.597791291137355,4.527854167320933,1,0,2,1
4.495995439173066,21,1.2211879178828884,7.24361265928882,4.550380787075671,2,0,2,1
4.602319308951236,0,1.1006411040026554,4.865993970815093,4.259751305309816,0,0,1,0
4.520310611929329,7,1.4306195582098178,8.171145980821722,4.631635635950773,2,0,2,0
1.8013415591940607,0,1.0,4.79659224909822,4.902054917367203,0,0,1,0
6.028486431467266,10,1.107168037389059,6.212969870811008,4.424897822086252,2,0,1,0
2.9899815786915482,16,1.0,7.746617610802906,4.473315796341476,0,0,1,0
4.02670177558771,4,1.0,6.8145484189344785,4.579232340501363,0,0,1,1
16.64017765771773,21,1.1490137522099841,5.234087251053631,4.532581973276992,1,0,1,0
1.527229128259911,7,1.691378290199255,10.53260152610064,4.9013213082065255,0,0,3,0
2.9348064396134053,1,1.267101780491777,6.745429710963779,4.746608590305897,1,0,2,0
7.528507706392398,4,1.0,9.238681731904938,4.803758603490344,3,0,1,1
7.034157918102483,7,1.6542806773769683,9.481395092888487,4.789307301388143,3,0,2,0
2.330133030756295,12,1.1206535723454303,4.478753672809548,4.545394058079459,1,0,1,0
7.251019677500452,4,1.0391828707716102,6.948324471047775,5.0,4,0,1,0
4.126373476052337,14,1.4768373605625942,9.653921444573209,4.157477487237912,2,0,2,0
3.3963471458265064,3,1.0896797332033235,6.013286555503343,4.586170360265493,1,0,1,0
1.6954039603038145,19,1.4992519203259254,8.573061743619482,4.572282834970994,2,0,2,0
9.914288968934727,0,1.0,6.973322888855758,4.516357566698042,0,0,1,0
1.3920281960823844,7,1.9096754918438799,14.816936861749008,4.4993122193001,1,1,3,0
11.002812860700333,2,1.0994414528207583,6.12436777975806,4.645413335954897,1,0,1,0
14.859965222970583,9,1.6461717016257118,7.740708662973514,4.804792102415347,1,0,2,1
4.363177057701131,19,1.3848773342492855,7.807659529497465,4.554651619023597,2,0,2,0
0.39642526043342974,1,1.1711849737577484,9.362703107333623,4.451550693290154,1,0,2,1
7.054904239684155,10,1.2332372333223984,11.129183521196758,4.704639195711475,1,0,2,0
7.192735853501928,14,1.0,7.916784982545771,4.890817020431326,1,0,1,0
3.747306036865418,19,1.5478140575555808,9.70572449419366,4.5946936625807915,2,0,2,0
1.8245560857153622,0,1.0060785372501302,3.3290614906387663,5.0,1,0,1,0
6.976348953441349,21,1.0,5.412645033965941,4.887728004535789,2,0,1,0
0.8264850328264287,0,1.2051246943269462,7.417967656853798,4.509763125922409,1,0,1,0
9.034505215678305,7,1.6078125395794771,7.819445581600052,4.3611488208009845,1,0,2,1
12.55192750268064,7,1.4289984557108448,12.11601515935493,4.202435588487534,1,0,2,1
2.5483703726467524,20,1.2478395198537957,7.010606757076264,4.693544621179477,1,0,2,0
0.9330640195868516,11,1.4400169605200497,9.857359443976032,4.767671488387192,0,1,2,0
4.318636893713559,8,1.5669085210267524,11.087881331519878,4.8182272235847865,1,0,2,1
2.393545989096021,4,1.4932277422961455,13.829281192379362,4.8541500419237575,0,1,3,0
2.3295257450815483,8,1.36227045107279,7.886269833345601,4.49277128560496,0,0,2,0
3.6772632377641816,14,1.0910944403839475,8.017281046771043,4.904007301380418,3,0,1,1
10.650757043169751,15,1.161886230332658,10.146319805008282,4.620535349489728,2,0,2,0
9.464513773687283,3,1.0,3.1876619039287,4.891160549022496,0,0,1,1
10.85434131651758,12,1.1329794365205075,6.395633377233864,4.687780498398826,2,0,1,1
12.593927270320549,5,1.0,3.413907283697947,5.0,2,0,1,0
7.089609710967402,3,1.0,6.593398252144413,4.329396303420486,1,0,1,1
5.797507246383052,1,1.0774022774071053,8.243187367864437,4.789396343401971,3,0,1,0
5.038365146791966,16,1.0255467111393946,11.028059048961488,4.8075536380736965,2,0,2,0
7.256286239680591,22,1.2194955092412187,6.3932930762302504,4.686425723660104,0,0,2,0
5.839675734199542,11,1.0,4.603497432551338,4.460209720401225,4,0,1,1
7.370339499784885,4,1.0,4.9289023230267315,4.97819447160028,1,0,1,1
2.9691003481374123,13,1.3021962776678142,8.890339046986591,4.490894102865189,2,0,2,0
3.687946095927386,12,1.065863195279051,4.379389006082247,4.637921801724487,2,0,1,0
7.76009126095618,4,1.1853519329271838,8.324619918332592,4.6450395390494625,0,0,2,0
4.249215533646669,23,1.0,7.049196370343553,4.5917986268434205,1,0,1,0
10.930557182022717,0,1.0,8.458440791399749,4.306888821704699,2,0,1,0
1.25771343173538,20,1.4783998578426887,8.206625431343017,4.810392851866366,0,0,2,0
2.3896662793391625,3,1.1073412702410446,4.312220847403257,4.383879211838166,0,0,1,0
6.956349007365103,20,1.6595904688167602,10.738842165152063,4.779845638587865,1,0,3,1
5.6420985119927085,9,1.5392768363051124,10.28002346601022,4.596386196104989,0,0,2,0
5.3905004077423415,23,1.187160173408239,8.043286960710097,4.939382189752271,2,0,2,0
2.934551428696292,19,1.6351530799980865,10.589976101814369,4.8368326417217915,0,0,3,1
4.006418041210489,1,1.0,6.475428010476173,5.0,1,0,1,0
2.641069778991067,22,1.0,2.0,4.667916123604931,0,0,1,0
4.427583532364325,11,1.0,4.528817987379661,4.7782255753865455,1,0,1,1
3.4567172946112055,15,1.2242070670287968,7.063586670760164,4.863874653627882,0,0,2,0
1.4383984629123836,21,1.5052547310734747,10.94251424645394,4.696686318035496,2,1,2,0
3.0243496644720795,13,1.0,6.8656082757527095,5.0,0,0,1,0
7.363430617113914,23,1.0403299604166825,3.834111679389365,4.7479715491698595,1,0,1,0
5.9184977852464336,22,1.1284104695178898,3.793310391939723,4.783165325891069,0,0,1,0
2.1177551635617213,15,1.0,9.995469520549262,4.8466108562932,1,0,2,1
0.32113757975456025,15,1.0307039237251823,5.111301816929228,4.951523811271872,0,0,1,0
8.922733566096086,19,1.8309723766762795,17.149111280753765,4.761277896414683,2,1,3,1
3.14218777352067,13,1.0,6.490491769905146,4.800499939225858,0,0,1,0
9.105556155493861,5,1.1288433622503389,4.632574046769146,4.478377508348227,0,0,1,0
4.386379760218944,7,1.7193449550288387,10.078752999533156,5.0,0,0,2,0
6.074207784815735,11,1.542018493878195,11.315012462033884,4.761601980443468,1,1,2,0
5.744047692918104,17,1.3652290769690596,9.5955700048236,4.828919086483036,0,0,2,0
4.072842871085744,13,1.0577765498493126,8.152111891184395,4.905126422774517,0,0,2,0
6.084694325154343,4,1.7524517181115904,14.876786077756153,4.349524580971801,1,1,3,0
1.5650622935544405,9,1.750929532364201,10.895904519797229,4.504014885043551,1,0,3,0
3.296071146602233,10,1.0,7.102903964962481,4.465943858720645,1,0,1,0
5.001725590041875,6,1.0,6.249739690672687,4.636230728901054,0,0,1,0
4.233600665086279,6,1.0,6.910933522652539,4.570127036077224,0,0,1,0
6.485350366154483,11,1.0770463595687227,7.450210656375816,4.882083699937114,0,0,1,0
3.221824685010433,8,1.978149723946063,12.552815393555472,4.779863520343826,1,1,3,1
4.382582769370803,17,1.9184827033621654,14.10455640414392,4.3999046901674,1,1,3,1
1.6803215025052698,7,1.6678247296009794,13.397498950302142,4.6235095204661425,5,0,3,1
3.930408486289127,23,1.4570945694603872,9.287087271258033,4.626943828359223,2,1,2,0
2.873662495892492,1,1.0830498133985953,7.767379271322003,4.712376670577427,1,0,1,0
6.498084528306503,22,1.0,2.4223294519604455,4.714901918765355,1,0,1,0
2.8933243242684634,22,1.0665334534508875,4.76675158996589,4.518246065838405,0,0,1,0
5.28983738136529,2,1.338899887591037,10.874325350166403,5.0,1,1,2,0
2.20115615989157,23,1.1338592138295607,3.4786943111428195,4.703139559191552,2,0,1,0
12.523516588979433,18,1.8199409657651893,14.590962838796603,4.538840069023159,0,1,3,0
1.7710639543121571,11,1.148401901065092,7.060316624392544,4.680977670459847,0,0,2,0
5.090152355949268,23,1.0646129676024172,6.946313405394234,5.0,1,0,1,0
13.339386147049833,11,1.0881062187380666,7.655580020583894,4.951029157674981,1,0,1,0
15.879658184453074,3,1.062687706352902,6.32657730163075,4.572891780236889,1,0,1,0
4.016475489774033,7,1.4382714293121113,7.666710452946488,5.0,0,0,2,0
7.380201473578595,7,1.5712481764433806,10.090191069602707,4.8448273118628995,1,0,2,1
9.079946455904249,15,1.14793693934377,9.96703470492635,4.3828748586460815,2,0,2,1
1.6905481353224512,2,1.0,5.293867351312827,4.89677046872123,1,0,1,0
4.587605313916532,17,1.8032657516622015,9.78120597246335,5.0,1,0,3,0
6.150456191471035,16,1.2294082038793213,5.796300226897792,4.490568486261948,1,0,2,0
2.3438138920892184,3,1.0,7.339782520810878,4.69490117428296,2,0,1,1
8.186849100526796,0,1.0,6.232733014298034,4.515709795314216,0,0,1,0
7.980929681806758,0,1.0233865101009247,5.008462418058759,4.59749317787069,2,0,1,1
2.2788330972518605,17,1.4911626712473605,9.237140847865179,4.614230414878786,1,0,2,0
7.671048812306456,12,1.4400641638339835,9.829784177918341,4.793590084426371,1,1,2,0
1.0745176550490234,13,1.0694669124118585,6.901099522718387,5.0,1,0,1,0
6.417808699033042,13,1.1500128965494967,12.116666377797667,4.713867432343069,0,0,2,1
3.224776860137966,12,1.0,4.41525439406211,4.4603215750095915,1,0,1,1
7.9352348252262015,18,1.4576166461793516,8.759160585747304,4.771668902215201,0,0,2,0
5.779042402494265,8,1.9583573660166569,10.719265368743434,4.544825035366704,0,0,3,0
4.748809327436503,18,1.6375596964304209,9.357256959209442,4.749890189186015,0,0,2,0
10.196208033952114,22,1.5698473704230653,14.617348578746423,4.500311829424657,1,1,3,0
12.711862737201113,2,1.2218718266141488,9.325811906292602,4.601608619026104,1,0,2,0
2.9495714072858172,14,1.1718363995763876,5.914094383766846,4.632620974642973,1,0,1,0
9.84211928981412,21,1.1048116759269155,9.18683434474352,4.742099259784301,0,0,1,0
3.420858161434704,21,1.2037210639718359,6.594550434701026,5.0,2,0,1,0
3.3638212962705043,2,1.173798498512352,6.2901095507845755,4.70674381098021,0,0,1,0
0.6759899275076734,21,1.3410746269204932,12.295155920284818,4.739678703435498,0,1,2,0
7.805777716411216,12,1.2693706112536185,5.431505938870163,4.687285292162776,0,0,2,0
4.717466943894576,3,1.1191173044940095,4.512709438343052,4.847647446163233,2,0,1,0
5.818077525675398,18,1.6143398107149554,11.53132208285519,4.590418939158613,1,0,2,1
5.0147437186115695,7,1.5692815210300923,6.621231539421229,4.909772828375073,0,0,2,1
10.179693637294513,19,1.6677200509966097,8.183555780528563,4.93342415760066,2,0,2,0
2.945757856589808,5,1.0526981391363752,4.404968250254522,4.55770756118326,2,0,1,0
6.203342935718453,4,1.055982844882806,5.5100286552170825,5.0,0,0,1,0
11.352142108357981,0,1.0871555966288142,6.9938040500979195,4.635922988112641,2,0,1,0
7.441298496778031,4,1.339391616778034,11.365212615705156,4.68401830946749,1,1,2,0
2.8927812988646293,18,1.7370340267328848,13.570914612839193,4.742060608044399,0,0,3,1
2.9024101147355035,5,1.0,5.7874369174472635,4.413833759675065,1,0,1,1
0.7382204535263237,22,1.0618068493930042,5.8448058152296145,4.536769002194392,1,0,1,0
3.8370703469964473,1,1.2971412357672358,11.058406974911987,4.620020001978137,0,0,2,0
1.8093675913365366,2,1.0,4.433015191135257,4.78556287903058,0,0,2,0
8.338185864174683,20,1.5019995486206419,9.8844588470361,4.6598721402349135,0,0,2,0
2.4702003506545207,17,1.573410633580725,9.641943939828952,4.401298044349372,1,0,2,1
15.458076930134112,15,1.3012477037573005,11.0660938511099,4.562790048592964,0,1,2,1
3.9447158177254393,0,1.220713943677857,7.3535835265864105,4.571777147955071,1,0,2,1
8.83832898030368,15,1.205451488940476,6.119872895610056,4.6882559145790745,2,0,1,1
3.180094761089891,13,1.0891700581069574,7.41986550536008,4.634438708024696,0,0,1,0
4.266356788590493,8,1.9087391428920122,15.032307959679324,4.40590208975375,3,1,3,1
8.626054283466567,12,1.0320187854921874,4.902214037376171,4.565697558603891,2,0,1,0
7.8246737735141645,23,1.0,8.02960374024961,5.0,0,0,1,0
3.5884762897119318,22,1.4384966416047633,12.764799880681649,4.7837519920255,2,1,2,0
3.1798370235576465,16,1.0,10.414572502902931,4.97264579502645,1,0,1,1
0.745467183006793,19,1.7732151226054738,13.29610497320842,4.732339705340951,1,0,3,0
7.3367298994125925,23,1.0,7.768298905555408,4.264406453561063,2,0,1,0
1.0034263303201532,17,1.601562788399447,7.45545564055041,4.711674058163579,2,0,2,0
7.7458959297344485,2,1.0328852835204652,9.906161183158567,4.435901311318994,1,0,2,0
1.909571884417983,0,1.3608975333134423,13.290218995365898,4.664773299289805,0,1,2,1
4.945898872103727,5,1.088239708978998,7.121167457140584,5.0,2,0,1,0
10.553963259243199,0,1.0995167665158605,5.4023320875159495,4.6566953604927654,0,0,1,0
2.662491023474039,19,1.5925281892716832,7.763081985352467,4.751234121138856,0,0,2,1
18.388289401296024,8,1.6352362545926151,9.684374232792798,4.4892329009271315,1,0,2,1
3.678348048335713,3,1.2391698016010473,8.599293771087368,4.742073422708177,0,0,2,0
4.134753882968715,17,1.6801940236781094,11.249608475119986,4.550165654679351,2,0,3,0
6.734056560900342,17,1.5176762103250263,10.116879597709694,4.5604562192203515,1,0,2,0
6.965407311630125,2,1.0,4.68627776303056,4.614848879069682,0,0,1,0
3.1241023694852865,9,1.623653469669089,11.96221697470578,4.638911059511663,1,0,3,1
10.955254144639003,2,1.0,5.916221726020784,4.527790065566885,0,0,1,0
2.5068957237677103,4,1.0,8.519621073332294,4.555207053906443,1,0,1,0
9.29923917554449,22,1.0,5.6182858850319874,4.849030172856963,1,0,1,1
0.46770980413741703,18,1.3548773701098842,7.554905488202147,4.712729812299304,1,0,2,0
19.158102864283872,2,1.1316151099500424,9.136752219999659,4.60353728581274,0,0,2,0
6.09885487822414,22,1.067635704767491,4.926730521772157,4.545651837080643,1,0,1,0
2.864838795253133,17,1.2479152993427265,8.68186549511936,4.36664731864216,0,0,2,1
0.5086828553036229,10,1.3143566044928612,4.137729262006319,4.702444709683034,1,0,2,0
